<?xml version="1.0" encoding="UTF-8"?>
<nc.uap.lfw.jsutil.jstools.vo.ConfObject>
	<groupList>
		<nc.uap.lfw.jsutil.jstools.vo.CompGroup>
			<name>styles</name>
			<path>styles</path>
			<itemList>
				<nc.uap.lfw.jsutil.jstools.vo.CompItem>
					<name>global.css</name>
					<path>styles/global.css</path>
					<checked>true</checked>
				</nc.uap.lfw.jsutil.jstools.vo.CompItem>
				<nc.uap.lfw.jsutil.jstools.vo.CompItem>
					<name>button.css</name>
					<path>styles/button.css</path>
					<checked>true</checked>
				</nc.uap.lfw.jsutil.jstools.vo.CompItem>
				<nc.uap.lfw.jsutil.jstools.vo.CompItem>
					<name>calendar.css</name>
					<path>styles/calendar.css</path>
					<checked>true</checked>
				</nc.uap.lfw.jsutil.jstools.vo.CompItem>
				<nc.uap.lfw.jsutil.jstools.vo.CompItem>
					<name>checkbox.css</name>
					<path>styles/checkbox.css</path>
					<checked>true</checked>
				</nc.uap.lfw.jsutil.jstools.vo.CompItem>
				<nc.uap.lfw.jsutil.jstools.vo.CompItem>
					<name>checkboxgroup.css</name>
					<path>styles/checkboxgroup.css</path>
					<checked>true</checked>
				</nc.uap.lfw.jsutil.jstools.vo.CompItem>
				<nc.uap.lfw.jsutil.jstools.vo.CompItem>
					<name>contextmenu.css</name>
					<path>styles/contextmenu.css</path>
					<checked>true</checked>
				</nc.uap.lfw.jsutil.jstools.vo.CompItem>
				<nc.uap.lfw.jsutil.jstools.vo.CompItem>
					<name>dialogbutton.css</name>
					<path>styles/dialogbutton.css</path>
					<checked>true</checked>
				</nc.uap.lfw.jsutil.jstools.vo.CompItem>
				<!--<nc.uap.lfw.jsutil.jstools.vo.CompItem>
					<name>fileupload.css</name>
					<path>styles/fileupload.css</path>
					<checked>true</checked>
				</nc.uap.lfw.jsutil.jstools.vo.CompItem>
				<nc.uap.lfw.jsutil.jstools.vo.CompItem>
					<name>frame.css</name>
					<path>styles/frame.css</path>
					<checked>true</checked>
				</nc.uap.lfw.jsutil.jstools.vo.CompItem>
				-->
				<nc.uap.lfw.jsutil.jstools.vo.CompItem>
					<name>grid.css</name>
					<path>styles/grid.css</path>
					<checked>true</checked>
				</nc.uap.lfw.jsutil.jstools.vo.CompItem>
				<nc.uap.lfw.jsutil.jstools.vo.CompItem>
					<name>imagebutton.css</name>
					<path>styles/imagebutton.css</path>
					<checked>true</checked>
				</nc.uap.lfw.jsutil.jstools.vo.CompItem>
				<nc.uap.lfw.jsutil.jstools.vo.CompItem>
					<name>label.css</name>
					<path>styles/label.css</path>
					<checked>true</checked>
				</nc.uap.lfw.jsutil.jstools.vo.CompItem>
				<nc.uap.lfw.jsutil.jstools.vo.CompItem>
					<name>link.css</name>
					<path>styles/link.css</path>
					<checked>true</checked>
				</nc.uap.lfw.jsutil.jstools.vo.CompItem>
				<nc.uap.lfw.jsutil.jstools.vo.CompItem>
					<name>menubar.css</name>
					<path>styles/menubar.css</path>
					<checked>true</checked>
				</nc.uap.lfw.jsutil.jstools.vo.CompItem>
				<nc.uap.lfw.jsutil.jstools.vo.CompItem>
					<name>message.css</name>
					<path>styles/message.css</path>
					<checked>true</checked>
				</nc.uap.lfw.jsutil.jstools.vo.CompItem>
				<nc.uap.lfw.jsutil.jstools.vo.CompItem>
					<name>modaldialog.css</name>
					<path>styles/modaldialog.css</path>
					<checked>true</checked>
				</nc.uap.lfw.jsutil.jstools.vo.CompItem>
				<nc.uap.lfw.jsutil.jstools.vo.CompItem>
					<name>option.css</name>
					<path>styles/option.css</path>
					<checked>true</checked>
				</nc.uap.lfw.jsutil.jstools.vo.CompItem>
				<nc.uap.lfw.jsutil.jstools.vo.CompItem>
					<name>outlookbar.css</name>
					<path>styles/outlookbar.css</path>
					<checked>true</checked>
				</nc.uap.lfw.jsutil.jstools.vo.CompItem>
				<nc.uap.lfw.jsutil.jstools.vo.CompItem>
					<name>paginationbutton.css</name>
					<path>styles/paginationbutton.css</path>
					<checked>true</checked>
				</nc.uap.lfw.jsutil.jstools.vo.CompItem>
				<nc.uap.lfw.jsutil.jstools.vo.CompItem>
					<name>panel.css</name>
					<path>styles/panel.css</path>
					<checked>true</checked>
				</nc.uap.lfw.jsutil.jstools.vo.CompItem>
				<nc.uap.lfw.jsutil.jstools.vo.CompItem>
					<name>radiogroup.css</name>
					<path>styles/radiogroup.css</path>
					<checked>true</checked>
				</nc.uap.lfw.jsutil.jstools.vo.CompItem>
				<nc.uap.lfw.jsutil.jstools.vo.CompItem>
					<name>selfdefcomp.css</name>
					<path>styles/selfdefcomp.css</path>
					<checked>true</checked>
				</nc.uap.lfw.jsutil.jstools.vo.CompItem>
				<nc.uap.lfw.jsutil.jstools.vo.CompItem>
					<name>spliter.css</name>
					<path>styles/spliter.css</path>
					<checked>true</checked>
				</nc.uap.lfw.jsutil.jstools.vo.CompItem>
				<nc.uap.lfw.jsutil.jstools.vo.CompItem>
					<name>tab.css</name>
					<path>styles/tab.css</path>
					<checked>true</checked>
				</nc.uap.lfw.jsutil.jstools.vo.CompItem>
				<nc.uap.lfw.jsutil.jstools.vo.CompItem>
					<name>text.css</name>
					<path>styles/text.css</path>
					<checked>true</checked>
				</nc.uap.lfw.jsutil.jstools.vo.CompItem>
				<nc.uap.lfw.jsutil.jstools.vo.CompItem>
					<name>text_form.css</name>
					<path>styles/text_form.css</path>
					<checked>true</checked>
				</nc.uap.lfw.jsutil.jstools.vo.CompItem>
				<nc.uap.lfw.jsutil.jstools.vo.CompItem>
					<name>toolbar.css</name>
					<path>styles/toolbar.css</path>
					<checked>true</checked>
				</nc.uap.lfw.jsutil.jstools.vo.CompItem>
				<nc.uap.lfw.jsutil.jstools.vo.CompItem>
					<name>toolbutton.css</name>
					<path>styles/toolbutton.css</path>
					<checked>true</checked>
				</nc.uap.lfw.jsutil.jstools.vo.CompItem>
				<nc.uap.lfw.jsutil.jstools.vo.CompItem>
					<name>treeview.css</name>
					<path>styles/treeview.css</path>
					<checked>true</checked>
				</nc.uap.lfw.jsutil.jstools.vo.CompItem>
			</itemList>
		</nc.uap.lfw.jsutil.jstools.vo.CompGroup>
	</groupList>
	<isScript>false</isScript>
	<path>frame/themes/mediclassic</path>
</nc.uap.lfw.jsutil.jstools.vo.ConfObject>